"","a","sigma","N_0","sigma_obs","z","d","b","c","e","f","sigma2","g","loglik","loglik.se.se"
"1",0,-0.767013414678391,0.0272206388699281,0.424959832687941,1.35467973231431,0,0,0.0313346351169984,0,0,0.0124650018282514,0,-67.6608464935504,0.0100566341360637
"2",0,-0.758609441384671,0.057011250226342,0.438488110063231,1.33856423346741,0,0,0.0251094511068446,0,0,-0.0832809144679576,0,-67.9518535828012,0.0098824721808385
"3",0,-0.747799511555114,0.0490345648333313,-0.419277029885245,1.44283967711094,0,0,0.0198404409471365,0,0,0.151296975054613,0,-68.2637771055763,0.0117568564022579
"4",0,-0.809029049877715,0.0237267817978835,-0.44036091323423,1.26083189605471,0,0,0.0446481288966302,0,0,0.144810780369832,0,-68.1994690720772,0.0074902030732168
"5",0,-0.745875065489166,0.0448703058071304,0.426350386528718,1.46313940522966,0,0,0.0168253672337037,0,0,0.0451921468541732,0,-68.1012334997146,0.00949849639986451
"6",0,-0.76840026526445,0.0245647275819628,0.421922236857974,1.42982327914427,0,0,0.0300016151235042,0,0,-0.0852323055537785,0,-67.9362355456091,0.00815407775685048
"7",0,-0.745756686789304,0.0447956751218951,0.417935877074313,1.41364292995627,0,0,0.0231673234106803,0,0,-0.027406606382552,0,-67.7009254575096,0.0123111804780919
"8",0,-0.790932119506952,0.033611690689879,-0.426904404026573,1.22543976211232,0,0,0.0497911500084198,0,0,0.178135119108658,0,-67.9523482171742,0.0123100720031516
"9",0,0.799002263279281,0.0419229453695053,-0.41697577665472,1.31485687800505,0,0,0.0229948088861431,0,0,0.0102453275381457,0,-68.402719449919,0.0153688370189996
"10",0,-0.794868453180877,0.0399510868149081,0.427312059419423,1.27164017726328,0,0,0.0466587099390988,0,0,-0.0303508099184015,0,-67.9452539143293,0.0095904640690867
"11",0,-0.776256513950005,0.0189762461333066,-0.409954928673112,1.38086859408935,0,0,0.0416581889422738,0,0,0.164509295673296,0,-68.005104495798,0.0104695613809651
"12",0,-0.767658989605013,0.0316118429293836,0.42389345856109,1.44473179647581,0,0,0.027136593695477,0,0,0.0280305828613036,0,-67.9869864398043,0.00773719183207005
"13",0,-0.79911816957677,0.0546239606139293,-0.413607197083177,1.36115990805132,0,0,0.0267802327770243,0,0,-0.0885123347024987,0,-68.3912241071577,0.0126367609234668
"14",0,0.765403795867102,0.0473096210242007,-0.433613361549101,1.45704749669563,0,0,0.0221874920198871,0,0,-0.15594001168219,0,-68.9104575161663,0.00736915328307738
"15",0,-0.740610150700723,0.0285587467096898,-0.446588801830951,1.37549082811143,0,0,0.0344117828795021,0,0,0.00429664297395614,0,-67.8758106974275,0.0064795698384482
"16",0,0.699417587743852,0.0619235751562775,0.436868560537234,1.45369318458203,0,0,0.0112048815460063,0,0,-0.100667171399849,0,-68.4824588236925,0.0104867631275909
"17",0,-0.776739545841189,0.0417546701964667,0.437053421914696,1.40540281234283,0,0,0.0267597916683046,0,0,0.10203184095735,0,-68.2786192531875,0.00697937138295876
"18",0,0.737816633103055,0.0270287751911364,-0.438545599276704,1.36029893096899,0,0,0.032694927418859,0,0,-0.162776580870578,0,-67.7017949309854,0.00887132421298372
"19",0,-0.775541889406418,0.0308542780487547,0.411966305505355,1.22231389093823,0,0,0.0449831839837964,0,0,-0.192122296014781,0,-68.4041053404894,0.0240885544511405
"20",0,-0.717580202615319,0.057035357107374,-0.446773607815572,1.28234338775618,0,0,0.0396327696194123,0,0,-0.00331075990076017,0,-68.2788035420081,0.0103509611847205
"21",0,0.80279985498461,0.0166974361237095,-0.424023152775541,1.28862226598475,0,0,0.0523362095280176,0,0,-0.181608731070028,0,-67.9983031039948,0.00863024629667222
"22",0,-0.791914329610419,0.0268007530342232,-0.39943232424232,1.43992683280483,0,0,0.0246451756079934,0,0,0.162311423147776,0,-69.0093689929492,0.0142929287846315
"23",0,-0.768972493993152,0.0266751810682209,-0.417585237531819,1.42210687970028,0,0,0.0344999279111257,0,0,-0.114078898967818,0,-67.9390451704111,0.00874334221414103
"24",0,-0.811978191677888,0.0443453844725387,0.440229297450104,1.2052915086345,0,0,0.0518951534377492,0,0,0.105885518899653,0,-68.5409095195569,0.008968589367754
"25",0,0.718093847019723,0.030970581421315,-0.439182325140504,1.28749336123738,0,0,0.0307375348656235,0,0,0.0709878514225667,0,-68.794465908427,0.0141399568418317
"26",0,-0.755705661395957,0.0393571432660555,0.415280961250671,1.3545246111808,0,0,0.018364105719047,0,0,0.0980328584547649,0,-68.3576799877404,0.0188382359281401
"27",0,0.76556897140491,0.0338069835106553,0.426475854391265,1.35518926759439,0,0,0.0381628072470774,0,0,-0.11006662458364,0,-67.5858367785636,0.00893982024420572
"28",0,0.817979189193287,0.0530090298939653,0.396937128043467,1.33317054057079,0,0,0.0322147569300489,0,0,-0.157552433260871,0,-69.0496587832176,0.0186819769423424
"29",0,0.795685888124387,0.0255464293149705,0.423059095978305,1.33910485455222,0,0,0.0347491221371537,0,0,0.0827795115114974,0,-67.8226098431329,0.00927906104825999
"30",0,-0.759785368372235,0.0302752954808129,0.432061469085372,1.44859173195616,0,0,0.0330015535936267,0,0,0.171307319872119,0,-68.4108849694652,0.00653021110833372
"31",0,0.771035187562243,0.0513868433449875,0.421726289288759,1.3454342309519,0,0,0.0316258875522833,0,0,0.0867626525846522,0,-67.777321558332,0.0116520335676237
"32",0,-0.846146422866223,0.0559355671329083,0.432752038769577,1.23830504559489,0,0,0.0448235411049382,0,0,-0.0309204909416915,0,-69.2729634280927,0.00840196552202784
"33",0,0.794899346154498,0.0406223000527674,0.430896853035987,1.38897428782885,0,0,0.0284253379986181,0,0,-0.0837117215159379,0,-68.3324609900425,0.00755063157094376
"34",0,-0.750851358258349,0.0433339578120236,0.413062402805103,1.2185500333306,0,0,0.0359745297769397,0,0,0.117992455233646,0,-69.1055361800334,0.0348088959021636
"35",0,0.73763973761014,0.0304020868894787,-0.432085043720978,1.33912967232699,0,0,0.0305366421449504,0,0,0.128811706216003,0,-67.7101589500134,0.0111203805067159
"36",0,0.786934657129556,0.00958931715745613,0.439795456271289,1.28151363433733,0,0,0.0629630503015329,0,0,0.21895783308319,0,-68.4380552830098,0.00652794720775647
"37",0,0.705127189648229,0.0383375058507229,0.434998220185096,1.40804233737094,0,0,0.0233058714918417,0,0,0.0151239246664698,0,-67.8886700184143,0.00999789415478679
"38",0,-0.795983664213591,-0.0179492450607808,0.431849915251738,1.35350309962351,0,0,0.0503651235533762,0,0,-0.191053959293237,0,-69.5679539578382,0.00666947959870207
"39",0,0.810903770210841,0.0161049890880148,-0.405206227356161,1.26957095604679,0,0,0.0376895009453107,0,0,-0.0342330453890998,0,-68.9732873784732,0.0170651538908065
"40",0,-0.726949076533996,0.0317440830750885,-0.424630546229916,1.42758073567571,0,0,0.0272335340805761,0,0,-0.0287915653897437,0,-67.7432660224525,0.00944948564611168
"41",0,-0.770956089118951,0.0333923275894021,-0.414583921534316,1.31829012051245,0,0,0.0384579758306392,0,0,0.14405127840399,0,-67.6270299611808,0.0139033181575356
"42",0,-0.751342598158701,0.0236617905657,-0.424033462808873,1.38340881086715,0,0,0.0340210528825913,0,0,0.128621173247447,0,-67.6138117308686,0.00967414715817066
"43",0,-0.770277469113843,0.0229859113761692,0.434268759932303,1.3249080979453,0,0,0.0466382429658636,0,0,0.158243125539574,0,-67.7202915792031,0.00751886471143953
"44",0,0.716739629348323,0.029382091067322,-0.446970175782906,1.27104580865681,0,0,0.049978778994053,0,0,-0.038113744235303,0,-68.4206665585792,0.00906882995542496
"45",0,-0.744492697618747,0.0206741666645047,0.431010128441235,1.41169272976465,0,0,0.0311487419442674,0,0,0.127290030057992,0,-67.9169214674043,0.00789795996709318
"46",0,-0.726088924235704,0.0494982713218695,0.436701132952227,1.38871556393995,0,0,0.0254017149659293,0,0,0.11025403163614,0,-67.7025630883405,0.00922406945504192
"47",0,0.715150516796508,0.0537720578839025,-0.447369843233258,1.3323880152955,0,0,0.0264763859331188,0,0,-0.173737155474169,0,-68.0751191692913,0.0103785782970587
"48",0,0.779992014334058,0.0299271802653461,0.425376648676464,1.36793873943995,0,0,0.0252168566526376,0,0,0.0244202933614039,0,-68.0068947032121,0.0101728876487436
"49",0,0.728721824614619,0.0280246903846679,-0.457393857435318,1.27336142064975,0,0,0.0379142217570914,0,0,0.146350332097596,0,-68.4527608937266,0.00866979364356348
"50",0,-0.748056240571234,0.0363598984161406,-0.421824878025008,1.3515907708612,0,0,0.0338798931339916,0,0,0.0966344239135463,0,-67.4609602020937,0.0116846367704934
"51",0,-0.73650267459529,0.0198370018630156,0.436706458518163,1.4088067053517,0,0,0.0302492405285652,0,0,-0.192799012638207,0,-68.3188141096471,0.00867433256836487
"52",0,-0.760725475179766,0.0313296425222401,-0.441337251640859,1.40089714043744,0,0,0.0338758342804472,0,0,-0.0742463306394037,0,-68.0063435357606,0.00599655240370215
"53",0,-0.816298805564109,0.0237694135058835,0.402485666678648,1.3285348702522,0,0,0.0258830962653586,0,0,-0.0897979534851766,0,-69.1833837953991,0.0177231712452775
"54",0,-0.726870692259272,0.0454710646551793,-0.412213848512427,1.45781960363046,0,0,0.0147170538173787,0,0,0.103862561752207,0,-68.2352981974512,0.0163588504186411
"55",0,-0.766423241171688,0.0328879355760501,0.436926371979484,1.35286518836656,0,0,0.0373522304200402,0,0,0.113193739472383,0,-67.674958917335,0.00737573403053939
"56",0,0.814169921518346,0.0369963898750984,-0.429424676854654,1.34926435356432,0,0,0.0252152386226509,0,0,0.0306964535734937,0,-68.6480737596189,0.0087929663221701
"57",0,0.777573485112773,0.0306955307076017,0.44164602828431,1.26939899599753,0,0,0.0544065978516039,0,0,-0.209746170294355,0,-68.1764603773066,0.00769343347313088
"58",0,-0.733640922156686,0.0119871544250258,0.448870052839731,1.34293614958916,0,0,0.0447812005353381,0,0,-0.195915300696287,0,-68.0869947972126,0.00693179939882838
"59",0,-0.732513889370642,0.034647879522506,-0.435737183236226,1.3467674206656,0,0,0.0347690629614732,0,0,0.0126748915609199,0,-67.5409555344219,0.00947283629834201
"60",0,-0.757403608007024,0.0367055111339231,0.422316071402852,1.4101975848889,0,0,0.0273451377544099,0,0,-0.179243308592826,0,-68.0170696405926,0.0105697109290549
"61",0,0.746218458746571,0.0266371048409086,-0.42917786318187,1.39110121079831,0,0,0.0289059442458227,0,0,0.119561766974163,0,-67.7191464740197,0.00923029001328398
"62",0,0.781133195636311,0.0301420044988482,0.434876531398013,1.32059741802545,0,0,0.0331040854942274,0,0,0.132954199499629,0,-67.8312027375667,0.00882766935078185
"63",0,-0.753354397613935,0.0413095835744219,-0.435765993038948,1.31930837833496,0,0,0.0278641499176515,0,0,-0.0325568617689455,0,-67.6702431217056,0.0110265711033661
"64",0,-0.802459170806674,0.0471337417381255,-0.431244672585855,1.28349106640017,0,0,0.0377694760281685,0,0,-0.121717070366584,0,-68.0852567368641,0.00966438893408244
"65",0,0.754889625017173,0.0211869015679773,-0.434045112796281,1.34611760758549,0,0,0.0397604962158387,0,0,0.0294825610844164,0,-67.6951778520178,0.00797323649413319
"66",0,0.736107284704743,0.044440280137863,-0.428021851519759,1.32227399739729,0,0,0.0263523362592779,0,0,-0.176709230613432,0,-67.9752142602386,0.0160333837036746
"67",0,-0.809966098046948,0.0492353504865699,0.419917256852485,1.31525611018333,0,0,0.0333347754844,0,0,0.0518350958497121,0,-68.2035008507919,0.0111054965736836
"68",0,-0.815330019542538,0.0336908555198769,-0.425584686436188,1.28070579167939,0,0,0.0401201228949637,0,0,-0.0478760134296932,0,-67.9946800170038,0.00974975642099839
"69",0,0.770422009095017,0.0331381072112086,-0.410089168975601,1.42570045933567,0,0,0.030450619999419,0,0,-0.0880001432634482,0,-67.94171132087,0.0105773030529001
"70",0,0.727489270507453,0.052282695798349,-0.441786791905745,1.44222970529709,0,0,0.00827907227360283,0,0,-0.0887141395488441,0,-68.8067705445053,0.00955209923364224
"71",0,-0.742970501312674,0.0431850934537824,-0.432954410054089,1.35135165818282,0,0,0.0291895244568417,0,0,0.0838825535142381,0,-67.4569771462639,0.0101285381905586
"72",0,0.760061278504209,0.0110296880939219,0.4335355129488,1.37305680544069,0,0,0.036531995490686,0,0,0.182004198831833,0,-68.1936488919477,0.00823861926031575
"73",0,-0.715339082372043,0.0357483534356489,0.439868732492272,1.3351599219705,0,0,0.0374988165713563,0,0,-0.110310187916461,0,-67.7862583948095,0.00928217769689048
"74",0,-0.706966999028898,0.0320367517942317,0.433930918211303,1.34187000775202,0,0,0.0368759672963909,0,0,-0.0939190981565647,0,-68.0417475078752,0.010984934167341
"75",0,0.757884500984311,0.0195246381694352,-0.434352828103672,1.34582150688679,0,0,0.0475466381115868,0,0,0.154880498651745,0,-67.8113375069811,0.00705826818365893
"76",0,-0.745502654161354,0.0405263120648765,-0.425023332309023,1.35478380363704,0,0,0.0215829138298274,0,0,-0.0601669990176889,0,-67.7797680810189,0.0139568044162755
"77",0,0.801955586204471,0.028151078085292,0.428153484701181,1.28909720529572,0,0,0.0475918846787655,0,0,0.136629327041967,0,-67.9151379013797,0.00835029488108248
"78",0,0.791191442783095,0.0382500716771622,-0.433934396187262,1.30152963118905,0,0,0.0364748451702879,0,0,0.113986669262565,0,-67.8162686970648,0.00887754758047426
"79",0,-0.791756475385075,0.0202169964086368,-0.432377386812501,1.30442030201775,0,0,0.0416503434105345,0,0,0.0779991921519207,0,-67.853128549873,0.0082718024857392
"80",0,0.775623294560178,0.0420665272621661,-0.422305763827342,1.29181582518885,0,0,0.0278825221894983,0,0,0.243916701384015,0,-69.4882539955455,0.0170962753507816
"81",0,-0.792058994374615,0.00414406578162069,0.441945061581831,1.30209679869311,0,0,0.0541550264680566,0,0,-0.00510101526667702,0,-68.4747582110576,0.00594191592306116
"82",0,0.759643468870166,0.0244854879262939,0.440010137661701,1.35815188892253,0,0,0.0332496910647787,0,0,0.110784739177096,0,-67.8288244942726,0.0074657190585328
"83",0,0.727781628763707,0.0320904183696295,0.440749573388788,1.38608833437721,0,0,0.0289794704264649,0,0,-0.193780456773336,0,-68.0530841690292,0.0089601514676837
"84",0,-0.723459082505896,0.0342035727398766,0.418335880474113,1.36236674738568,0,0,0.0248598870446329,0,0,-0.00481633513202015,0,-68.0864071660214,0.0168417730205908
"85",0,-0.765298422132322,0.0369432993939006,-0.435116456376243,1.40155934409146,0,0,0.032790976832413,0,0,0.0199818383072173,0,-67.9528479295311,0.00673316205899154
"86",0,0.799101230760644,0.0272298911181225,0.424451327569738,1.32879484682199,0,0,0.0351720916758339,0,0,0.0947890723641172,0,-67.8335205075667,0.00943194942752736
"87",0,0.736832823898797,0.0511322333932255,0.429232467909663,1.31910813310303,0,0,0.0289210162512642,0,0,-0.112885257917964,0,-67.6403856078966,0.0140427914882212
"88",0,-0.765574723395466,0.0283890587905209,0.435359485080116,1.30235919755096,0,0,0.0457693646944505,0,0,0.0475649053633703,0,-67.6695338612977,0.00815302189550125
"89",0,0.729185144957265,0.039299357108509,0.424114232272664,1.3678530078351,0,0,0.0284665024961759,0,0,0.0714236427805207,0,-67.5630763172412,0.0124048246504402
"90",0,0.78222160391892,0.0178268717127559,-0.436613700348896,1.25572558291911,0,0,0.051389715356001,0,0,0.111965086388801,0,-67.9124568086393,0.00839476991094788
"91",0,-0.789224747270405,0.0475557143422979,0.438992586534898,1.24358048536386,0,0,0.044526284520625,0,0,0.078211906271749,0,-68.0887577299126,0.00933329462500764
"92",0,-0.741978138939988,0.0184725738559915,0.424120455167798,1.39229854734929,0,0,0.0389083588351085,0,0,-0.0928828437624442,0,-67.9259844467206,0.00860207643207822
"93",0,0.784356987595584,0.0126122867190552,0.421517477260468,1.32136884154117,0,0,0.0526622594250247,0,0,-0.157690924216964,0,-67.9941012027897,0.00833867275362468
"94",0,0.756710584708826,0.0207448631692349,0.440457229201816,1.34010796303704,0,0,0.0446513379213535,0,0,-0.00888532323573751,0,-67.86268962688,0.00665444491670688
"95",0,0.7413774509261,0.0410095558084961,-0.429467136305591,1.34615774355804,0,0,0.030588804406562,0,0,-0.044427112479938,0,-67.4526449128864,0.0111537997428288
"96",0,-0.75567357365947,0.0469962635770394,0.425818342402576,1.37872874232128,0,0,0.0261272605310937,0,0,-0.0880382169646806,0,-67.6058226843864,0.0104815356064795
"97",0,0.76475547926881,0.0045174145865088,0.430965913937885,1.33143784325903,0,0,0.0389381196725307,0,0,0.178417853792854,0,-68.4737251527172,0.00969076783141462
"98",0,0.773335852730772,0.0431566025624376,0.446830055908089,1.2742644466188,0,0,0.0441335544428898,0,0,-0.0609970239500386,0,-68.0504013960096,0.00722174298413206
"99",0,0.760755959537223,0.0194400882709045,-0.42536594873174,1.3641165884082,0,0,0.0359940986952738,0,0,0.129867441861134,0,-67.7235370550721,0.00916884387930395
"100",0,-0.775373119243728,0.034598100426512,0.444427828771224,1.29861858042134,0,0,0.0443293116710771,0,0,0.104359902352901,0,-67.9157193950632,0.00679223662640679
"101",0,-0.784305420283867,0.0337464439965582,0.401050944774491,1.29622785921815,0,0,0.0296949005272979,0,0,-0.0554959355707583,0,-68.5032434759587,0.0251118305004611
"102",0,-0.762805965362874,0.0464725519963101,-0.430873189661203,1.36392025752807,0,0,0.0351756139631781,0,0,0.0847780681882046,0,-67.8327956445254,0.00825100695207809
"103",0,0.770676353091155,0.0376602901778882,-0.423662001227057,1.43407190132494,0,0,0.024570910031465,0,0,-0.15591367326436,0,-68.279923358298,0.00887388144767423
"104",0,0.773557872562266,0.0374621006037783,0.440870396942414,1.31443843568111,0,0,0.0324721459040461,0,0,-0.00666548793840069,0,-67.7713484000387,0.00856444968682321
"105",0,-0.748084433774307,0.0380344831387281,-0.435412821428783,1.42219320134177,0,0,0.0236118654904875,0,0,0.0444180889768717,0,-67.8092023766666,0.00780209315715687
"106",0,-0.805209301545993,0.0236482779700645,0.423874946831102,1.21224228424119,0,0,0.0531789830161135,0,0,0.214266008509485,0,-68.2811255816221,0.0126136502349703
"107",0,0.729005216860901,0.0340546557694583,0.436447273276034,1.37853526215021,0,0,0.0366029017055268,0,0,0.161338649854859,0,-67.6972347088387,0.00797225814500037
"108",0,0.762478542961815,0.0343104109451178,-0.42765283695174,1.35297929028152,0,0,0.0395637442039048,0,0,-0.00467985066354657,0,-67.6310825441601,0.00859872222701974
"109",0,0.717487102747515,0.017719580709348,-0.44098963464638,1.41978402408533,0,0,0.0373561165100322,0,0,-0.206649723137069,0,-68.3784965560398,0.00716779063370175
"110",0,-0.747017260408046,0.0369579044894023,-0.427801671087015,1.35479503731055,0,0,0.0353469551466258,0,0,0.0888525548139551,0,-67.4943217875617,0.0100083981293951
"111",0,-0.734082929272626,0.0277959020732786,0.418973750502914,1.42190085449077,0,0,0.0235628866636956,0,0,0.118857188795634,0,-68.0137319461131,0.0123225108403793
"112",0,0.819360428912404,0.0162358808359186,-0.44346149607009,1.20563822823245,0,0,0.0448412765550168,0,0,0.0368047887706247,0,-68.9969186802346,0.00860112581746444
"113",0,-0.785704161532063,0.025776954760136,0.405487002566415,1.38999760015243,0,0,0.0368619866703811,0,0,-0.133026334478447,0,-68.0701871041974,0.0119963557400103
"114",0,-0.79639310449571,0.0264507911329677,-0.428664181177024,1.32468668513512,0,0,0.0420332898679513,0,0,0.0672642078074971,0,-67.8144645567344,0.00793859958720092
"115",0,0.773892872340449,0.046062226499913,0.413833188873268,1.32499050638567,0,0,0.0347342740060984,0,0,0.061585202392721,0,-67.7187895822721,0.0139159985351578
"116",0,0.757553301759855,0.0296382102226548,-0.431298958601,1.31519092255706,0,0,0.0424471468515422,0,0,-0.18626008773696,0,-67.5861437261307,0.00971126339823541
"117",0,0.739938794094566,0.0403718610211656,-0.433479467757293,1.27230317893695,0,0,0.0304317371215198,0,0,0.0126561328295916,0,-68.1210569052547,0.0156177447630639
"118",0,0.76255639907076,0.0498980392785157,-0.425071019843607,1.33346600035551,0,0,0.0385753117290119,0,0,0.0784848663596199,0,-67.8627681990311,0.0102935559699428
"119",0,0.781906725630362,0.0266959110228945,-0.415647235540091,1.35371345115378,0,0,0.0339105002935014,0,0,-0.197771904392966,0,-68.1894997901651,0.012482309498922
"120",0,0.74359859870286,0.0341416129471965,0.438962714229117,1.31987565997449,0,0,0.0372402200516166,0,0,0.0403401285545045,0,-67.5622042011345,0.00909743070817256
"121",0,-0.769464039894856,-0.0020720477688922,0.433618035574434,1.27206787356408,0,0,0.0562601001221588,0,0,0.201326044901081,0,-68.1515359298708,0.00890176132769888
"122",0,0.802902753028136,0.0404091067633432,0.410837836364323,1.34768854124572,0,0,0.0333598602832635,0,0,0.0664744060985823,0,-68.0580973595917,0.0119658422549803
"123",0,0.755097958205162,0.0277531177220676,-0.395265693973783,1.38705923869344,0,0,0.0283577516744433,0,0,0.0591554382395861,0,-68.5816166716063,0.0221379974740737
"124",0,-0.761157815023715,0.025836697319872,-0.436507588044282,1.45244031799474,0,0,0.0281189167940671,0,0,-0.0103848865974453,0,-68.3074568118769,0.00606434499897849
"125",0,0.79001938675301,0.00135004027675175,0.414518090857361,1.30458560461805,0,0,0.0569026214393561,0,0,0.228938823158471,0,-68.5369405504412,0.0107838825884962
"126",0,0.808575423904212,0.0291612066601078,-0.425328530226525,1.31149850055109,0,0,0.0329175439739907,0,0,-0.143723164648893,0,-68.168415629088,0.0101438329627237
"127",0,0.745499598695144,0.0357672429626386,-0.431973680871183,1.40167149034084,0,0,0.0354851395430788,0,0,0.0823202146828107,0,-67.8237394643521,0.00733611782804756
"128",0,0.743189338271683,0.0050935725192771,-0.440966143825432,1.31723073352832,0,0,0.0546315554534473,0,0,0.13392977363757,0,-68.3220417767933,0.00698925396453161
"129",0,-0.78333499694172,0.0305160382403258,0.435332040719169,1.27584166676379,0,0,0.0379301634416499,0,0,0.0277261134310666,0,-67.8052998510529,0.00965239687311004
"130",0,0.773767194435017,0.0355773231801509,-0.429772692409475,1.40210569000072,0,0,0.0240211336169403,0,0,0.0776734988028251,0,-67.9430097166522,0.00844762996680272
"131",0,-0.746325539394131,0.0550559018803758,-0.436766636295305,1.3989810941498,0,0,0.0221329618979165,0,0,-0.0673092674993871,0,-67.9700535020779,0.00876968078919599
"132",0,0.755040328209378,0.0651309110239887,-0.403782036437217,1.26353992388879,0,0,0.0323902832465124,0,0,-0.0254888832788726,0,-68.9410941884716,0.03440980325949
"133",0,-0.812174996048877,0.0465158726250498,-0.427866391531002,1.29017808820742,0,0,0.0261492693273055,0,0,0.11396572124665,0,-68.6437956259604,0.0118356611324869
"134",0,0.7643969054318,0.0355839507182449,0.404054057820727,1.43524566197332,0,0,0.0229699853015119,0,0,-0.0798713458032198,0,-68.0929758712631,0.0145778167031556
"135",0,0.769972651417436,0.030183479205006,0.429526300418337,1.31386993998974,0,0,0.0283284435508025,0,0,0.165430699087271,0,-68.1668965807728,0.0125932451119652
"136",0,0.814807859918912,0.0264017325252444,-0.42076717032702,1.31648096868688,0,0,0.0337601094304295,0,0,-0.0642304641775412,0,-68.1476093634005,0.0102215591976234
"137",0,-0.732045004124081,0.0581973728146515,0.450284134444615,1.306203254548,0,0,0.019589206790313,0,0,-0.0805951574157722,0,-68.4397416938616,0.0114950630233479
"138",0,-0.742823165322153,0.0312903833193987,0.448170581722394,1.39140896924375,0,0,0.0316808231128635,0,0,-0.162703990375889,0,-68.0648681663122,0.00641062837137259
"139",0,0.741297497876878,0.0309822740321685,0.436055119967083,1.42279207480131,0,0,0.0280964097881929,0,0,-0.00168898803374234,0,-67.8081123875328,0.00718993445900483
"140",0,-0.762287953598874,0.0303857821220006,0.427717763614265,1.46501926411838,0,0,0.0304835961149869,0,0,0.0740065013071123,0,-68.2989159089531,0.00651566121540963
"141",0,0.800161926308544,0.0216963108049301,0.428663398570506,1.29961045080256,0,0,0.0423108977876098,0,0,0.149854223984543,0,-67.8698364227674,0.0086168889142611
"142",0,-0.742112491023683,0.0397559619245742,-0.425904520094387,1.35601747386597,0,0,0.0285514291474344,0,0,0.0928317339880404,0,-67.4761774386772,0.0120801567461999
"143",0,-0.781724233676347,0.0279636660034132,-0.401893868349231,1.24910897302959,0,0,0.0520717065807585,0,0,-0.226737323740747,0,-68.683986257419,0.0234238214351775
"144",0,-0.817877083027403,0.0252760017279838,0.423369308736934,1.29760940212912,0,0,0.0464224257538727,0,0,-0.0673466181120127,0,-68.1011654022924,0.00835497192271883
"145",0,-0.794287586562598,0.0160595240110752,-0.408280546986454,1.29771143101147,0,0,0.0428422528633231,0,0,-0.181086045754045,0,-68.2049984947298,0.0147653227451333
"146",0,0.787325471405978,0.00732343427162351,0.416929164457676,1.21342222174205,0,0,0.0523182267426153,0,0,0.201594753952303,0,-68.6061154480459,0.0172842126142757
"147",0,0.757909920476026,0.037040268484088,-0.434379396040564,1.35917081479946,0,0,0.0276802822694726,0,0,-0.0465609248814811,0,-67.610640663396,0.00909819091167431
"148",0,-0.770927413001703,0.0513684579262908,0.433419404330666,1.27595608369386,0,0,0.0342345763734735,0,0,0.0112835516444834,0,-67.774460591609,0.0114329609581437
"149",0,0.746382490073418,0.0250683715213586,0.423011768331479,1.35767028070539,0,0,0.0465160563425571,0,0,-0.195477180036342,0,-67.8347828935464,0.00964520520107274
"150",0,0.744567070791948,0.0334902723737802,0.434922079987609,1.42289699766893,0,0,0.0222109142666436,0,0,0.137046049917178,0,-68.0188459200968,0.00850187941259876
"151",0,0.768907336633743,0.0161398592427769,0.43195367564854,1.27585648366968,0,0,0.0529876706851386,0,0,-0.022506690094698,0,-67.9716089153419,0.00865722780517134
"152",0,-0.788345245416423,0.0387995643856512,-0.435696935230251,1.33357667405223,0,0,0.025076893650188,0,0,-0.0652862594910242,0,-68.2114679614494,0.00954248954080744
"153",0,0.747639753956033,0.00697024589878922,-0.432157272381004,1.37267932989322,0,0,0.0428619965194316,0,0,-0.170206223671672,0,-68.0243015427755,0.00776222490931156
"154",0,-0.757265684022189,0.0167690325228711,-0.440812870276968,1.31321870984006,0,0,0.0465373738246365,0,0,-0.0596907612380779,0,-67.8991847563654,0.0071314450942859
"155",0,0.741097102746102,0.0423349549409329,-0.440425560642416,1.4271914003747,0,0,0.0204490032176465,0,0,-0.0824560338500438,0,-68.0027583479676,0.00765204474835411
"156",0,0.767018550226973,-0.00338746687425584,0.435852990379992,1.30140619943976,0,0,0.0526716727186326,0,0,0.175449323013789,0,-68.2570482456057,0.00772991743789449
"157",0,-0.739825172848375,0.03785069425415,0.436102865720142,1.43349728242857,0,0,0.0256938739039169,0,0,-0.0284551466406564,0,-67.8428557269616,0.00732730103787279
"158",0,0.749359172758588,0.0224307673060861,0.414302407962375,1.33277065301658,0,0,0.0384456747514477,0,0,0.191497070141455,0,-67.8957438152981,0.0162914927007395
"159",0,-0.741139492606811,0.0371348817037767,0.433089172196957,1.43418085353291,0,0,0.0248413485923994,0,0,-0.0858839029512142,0,-67.7956713414803,0.00792354521745833
"160",0,-0.796687530807872,0.018904020079298,-0.418064707242467,1.35850728657266,0,0,0.038953128870329,0,0,-0.0376039608121019,0,-67.9723539646712,0.00889318812982566
"161",0,-0.696034866381406,0.0505005207239855,0.430959574502715,1.35602225917235,0,0,0.0254463817044725,0,0,-0.0167320732368395,0,-68.0421174186404,0.015074194676192
"162",0,0.768050704421034,0.0403918963536017,0.410322051334973,1.22716812164057,0,0,0.0397749681217774,0,0,0.14974332895045,0,-68.5930434798901,0.0276946861377178
"163",0,-0.717460989636354,0.0420994709586118,-0.446840345667554,1.39860462146803,0,0,0.0214058168388376,0,0,-0.0106089071076224,0,-67.9525955807311,0.00818644302623886
"164",0,-0.726863776877912,0.0421498473052944,-0.45044751688916,1.23754988118302,0,0,0.0382037906269404,0,0,-0.0606181047693244,0,-68.4769687201097,0.0116836172072681
"165",0,-0.782580988998574,0.0185959640179407,-0.415080685259744,1.35541571693208,0,0,0.0488779868681197,0,0,-0.0652594979867294,0,-68.1988444207513,0.00893487655311088
"166",0,-0.733663109135113,0.0320523987405191,0.437964346746928,1.44748960593561,0,0,0.0276985266856915,0,0,-0.160244278544055,0,-68.1229551558906,0.00690238810876834
"167",0,0.789267816950179,0.0428196794950794,0.436552658201272,1.27485781898836,0,0,0.0412788570625141,0,0,-0.0548509119593002,0,-67.8839739161164,0.00893848781363718
"168",0,0.769880791187885,0.030694280020533,-0.393866595131351,1.46492188979501,0,0,0.030269853085206,0,0,0.0269624314984218,0,-68.8309992093237,0.0141343465353839
"169",0,0.768747284812329,0.0214297722947788,0.417616698358693,1.36565693126146,0,0,0.0416342163264606,0,0,-0.151422319434986,0,-67.7218937845162,0.0097412229639998
"170",0,0.79124433098666,0.03407240094775,-0.41677540669396,1.27664447155895,0,0,0.0581742391960734,0,0,0.16986206034502,0,-68.5095255112402,0.010612798708268
"171",0,-0.756009421240445,0.0290529696723899,0.443202286248322,1.4057816068188,0,0,0.0366998493265475,0,0,0.189656091003289,0,-68.3740408804357,0.00595929401857876
"172",0,-0.763635165936063,0.0419797915320574,0.413774423212368,1.31266616364772,0,0,0.0398341186423222,0,0,-0.0167136745699504,0,-67.7779711433509,0.0147133852248032
"173",0,-0.773964008617491,0.0341736951581906,-0.416813116341578,1.35253897629616,0,0,0.0416659674255623,0,0,0.204248831999909,0,-68.0330261933537,0.0112373015785515
"174",0,-0.742065323917709,0.033970473806374,-0.430506915000027,1.34182369681974,0,0,0.0487004136869763,0,0,-0.210796756348049,0,-68.052394759162,0.00895334028478714
"175",0,0.736902571776458,0.0334248160449983,0.435110119627808,1.38926405233841,0,0,0.0257167637038675,0,0,-0.104799324513621,0,-67.7025793179522,0.0092147920433753
"176",0,0.744202421059205,0.0142948747318487,-0.432979991802915,1.29792255957336,0,0,0.0419027306825933,0,0,-0.22853341840735,0,-68.3154254651613,0.012439572376418
"177",0,0.783942417691831,0.0301439175058013,0.410334938504959,1.38871985365774,0,0,0.0424264626506033,0,0,0.101211726670551,0,-68.3062673561526,0.00968875066755072
"178",0,-0.755049927160513,0.0465181026630202,-0.433881722971356,1.35883908879484,0,0,0.02807106943814,0,0,-0.0632947932047706,0,-67.5944678764617,0.0093300425754419
"179",0,-0.779587746441826,0.0244270468509173,-0.423579604066815,1.35740453669494,0,0,0.0290467741643237,0,0,0.125371601603818,0,-68.0296989666876,0.0106398354649201
"180",0,0.740645757474881,0.0375078323604894,-0.438050160558938,1.30343022954849,0,0,0.0310604149167002,0,0,-0.149652056476819,0,-67.7748373122482,0.0118853996658366
"181",0,-0.764919896608057,0.0499927741839168,0.425930848745826,1.30988034162004,0,0,0.0341161311459962,0,0,0.131861527226203,0,-67.6734877673115,0.0122734186655849
"182",0,0.782584024951954,0.0259972340435547,0.442599026846921,1.28127682435948,0,0,0.0432979951195949,0,0,0.145586762180408,0,-67.888556636517,0.00755887068732773
"183",0,0.759465645339931,0.0400685740717843,-0.433539075749405,1.28669068402488,0,0,0.0401120856083757,0,0,-0.0034327694202295,0,-67.5764291773927,0.0103152338208518
"184",0,-0.815927801152033,0.0224628344094176,-0.431041010937783,1.25553604199081,0,0,0.0423313304249952,0,0,-0.14978973088712,0,-68.2117989608276,0.00922834598205351
"185",0,0.722527827020245,0.0349824270448702,0.429333222734643,1.48867769585724,0,0,0.0241122474088884,0,0,-0.0780317973937986,0,-68.2081749488,0.0074144310147381
"186",0,-0.729361350745205,0.0324280244586541,-0.441211909398864,1.41686062183663,0,0,0.0342019870739609,0,0,0.188924940562079,0,-68.1428730533294,0.0070571093753806
"187",0,0.79003522893509,0.0239837074577951,0.423161687746223,1.31685457895938,0,0,0.0348947014477041,0,0,-0.190380696343257,0,-68.1823065013873,0.0116642839097107
"188",0,0.746483538428319,0.0544205320211236,0.414021439547842,1.37353114134002,0,0,0.0183978784811723,0,0,0.0521378811227107,0,-67.987296133773,0.0189932470771414
"189",0,-0.719130148572908,0.033663363871379,-0.442161060777544,1.40567168788876,0,0,0.0298426201462184,0,0,0.0918015499824303,0,-67.8515139885129,0.00714972787140527
"190",0,-0.773896853021618,0.0152487536140388,0.421644742500307,1.32248817606311,0,0,0.0389091707895215,0,0,0.163497495239806,0,-67.8778135922041,0.0113044389351071
"191",0,0.725238376975496,0.0543614950723353,0.412569456950979,1.35270404197258,0,0,0.0270701811536413,0,0,0.0591174066837494,0,-68.048050311714,0.0207604718392119
"192",0,-0.778071964201005,0.0323330376525532,-0.424875618791794,1.38558443987812,0,0,0.0335908399864417,0,0,0.0407412460867072,0,-67.7483343360448,0.00819854681626492
"193",0,-0.762169866592969,0.048986988163876,0.443935601399362,1.32685723884446,0,0,0.0271591493754006,0,0,-0.054077576624411,0,-67.9084235313396,0.00865683270144179
"194",0,-0.776982513750941,0.0174879551086687,-0.43085400877036,1.32675899311716,0,0,0.0444237541155088,0,0,-0.140077573291436,0,-67.7215093672879,0.00787160221232814
"195",0,-0.757706313132943,0.037312046243105,-0.444749984541287,1.27662932982516,0,0,0.04164422282412,0,0,-0.119301104354953,0,-67.7350073621351,0.00857705588154313
"196",0,-0.743211786235568,0.0268144141619005,0.425239225055613,1.33599266092037,0,0,0.0387830556033256,0,0,0.143652287648791,0,-67.523724788966,0.011255138104091
"197",0,0.744024875034859,0.0367976085022397,-0.420026544000222,1.35169292867825,0,0,0.0331705384759764,0,0,-0.0827219352312309,0,-67.5275897380078,0.0127506064239955
"198",0,-0.805410844379883,0.035181326027861,0.418779332910064,1.20260405765295,0,0,0.065145611219113,0,0,-0.245937805175653,0,-68.7948136055341,0.0127344138022571
"199",0,-0.760877774813442,0.0448753702809829,-0.426411568867747,1.31025928656106,0,0,0.0364357521218838,0,0,-0.15631265624242,0,-67.5835427028791,0.0119292708298643
"200",0,0.759332469034131,0.016981315258675,0.400744022069332,1.37394042337285,0,0,0.0375022490712395,0,0,0.121180321224523,0,-68.4685780073765,0.0160212677196879
